"Site","Plant.number","observed_on","Plant.species","FlushPercent","Latitude","Longitude","agdd32","agdd50"
"Alva","Tree 1",2017-03-10,"Quercus virginiana",0.00803212851405622,26.7297,-81.6107,2346.93798828,1107.98950195
"Alva","Tree 1",2017-03-13,"Quercus virginiana",0.161490683229814,26.7297,-81.6107,2465.95410156,1173.00537109
"Alva","Tree 1",2017-03-16,"Quercus virginiana",0.20125786163522,26.7297,-81.6107,2553.90209961,1206.95336914
"Alva","Tree 1",2017-03-20,"Quercus virginiana",0.333333333333333,26.7297,-81.6107,2664.17895508,1245.23046875
"Alva","Tree 1",2017-03-24,"Quercus virginiana",0.455555555555556,26.7297,-81.6107,2802.96777344,1312.01953125
"Alva","Tree 1",2017-03-28,"Quercus virginiana",0.823008849557522,26.7297,-81.6107,2954.0324707,1391.08435059
"Alva","Tree 1",2017-04-01,"Quercus virginiana",0.975,26.7297,-81.6107,3116.59033203,1481.64233398
"Alva","Tree 1",2017-04-05,"Quercus virginiana",0.979381443298969,26.7297,-81.6107,3297.88623047,1590.93835449
"Alva","Tree 1",2017-04-08,"Quercus virginiana",0.96551724137931,26.7297,-81.6107,3409.44116211,1648.49328613
"Alva","Tree 1",2017-04-11,"Quercus virginiana",0.927927927927928,26.7297,-81.6107,3511.94213867,1696.9942627
"Alva","Tree 1",2017-04-14,"Quercus virginiana",0.95049504950495,26.7297,-81.6107,3622.32714844,1753.37927246
"Alva","Tree 1",2017-04-17,"Quercus virginiana",0.953703703703704,26.7297,-81.6107,3743.04418945,1820.09619141
"Alva","Tree 1",2017-04-19,"Quercus virginiana",0.973214285714286,26.7297,-81.6107,3825.51098633,1866.56323242
"Alva","Tree 1",2017-04-22,"Quercus virginiana",0.92741935483871,26.7297,-81.6107,3949.7199707,1936.7722168
"Alva","Tree 2",2017-03-10,"Quercus virginiana",0.166666666666667,26.7297,-81.6107,2346.93798828,1107.98950195
"Alva","Tree 2",2017-03-13,"Quercus virginiana",0.370967741935484,26.7297,-81.6107,2465.95410156,1173.00537109
"Alva","Tree 2",2017-03-16,"Quercus virginiana",0.392307692307692,26.7297,-81.6107,2553.90209961,1206.95336914
"Alva","Tree 2",2017-03-20,"Quercus virginiana",0.77027027027027,26.7297,-81.6107,2664.17895508,1245.23046875
"Alva","Tree 2",2017-03-24,"Quercus virginiana",0.682692307692308,26.7297,-81.6107,2802.96777344,1312.01953125
"Alva","Tree 2",2017-03-28,"Quercus virginiana",0.854545454545454,26.7297,-81.6107,2954.0324707,1391.08435059
"Alva","Tree 2",2017-04-01,"Quercus virginiana",0.808333333333333,26.7297,-81.6107,3116.59033203,1481.64233398
"Alva","Tree 2",2017-04-05,"Quercus virginiana",0.954545454545455,26.7297,-81.6107,3297.88623047,1590.93835449
"Alva","Tree 2",2017-04-08,"Quercus virginiana",0.950980392156863,26.7297,-81.6107,3409.44116211,1648.49328613
"Alva","Tree 2",2017-04-11,"Quercus virginiana",0.950980392156863,26.7297,-81.6107,3511.94213867,1696.9942627
"Alva","Tree 2",2017-04-14,"Quercus virginiana",0.961904761904762,26.7297,-81.6107,3622.32714844,1753.37927246
"Alva","Tree 2",2017-04-17,"Quercus virginiana",0.931034482758621,26.7297,-81.6107,3743.04418945,1820.09619141
"Alva","Tree 2",2017-04-19,"Quercus virginiana",0.965753424657534,26.7297,-81.6107,3825.51098633,1866.56323242
"Alva","Tree 2",2017-04-22,"Quercus virginiana",0.898550724637681,26.7297,-81.6107,3949.7199707,1936.7722168
"Alva","Tree 3",2017-03-10,"Quercus virginiana",0.213333333333333,26.7297,-81.6107,2346.93798828,1107.98950195
"Alva","Tree 3",2017-03-13,"Quercus virginiana",0.375,26.7297,-81.6107,2465.95410156,1173.00537109
"Alva","Tree 3",2017-03-16,"Quercus virginiana",0.452830188679245,26.7297,-81.6107,2553.90209961,1206.95336914
"Alva","Tree 3",2017-03-20,"Quercus virginiana",0.711864406779661,26.7297,-81.6107,2664.17895508,1245.23046875
"Alva","Tree 3",2017-03-24,"Quercus virginiana",0.636363636363636,26.7297,-81.6107,2802.96777344,1312.01953125
"Alva","Tree 3",2017-03-28,"Quercus virginiana",0.660550458715596,26.7297,-81.6107,2954.0324707,1391.08435059
"Alva","Tree 3",2017-04-01,"Quercus virginiana",0.926605504587156,26.7297,-81.6107,3116.59033203,1481.64233398
"Alva","Tree 3",2017-04-05,"Quercus virginiana",0.931372549019608,26.7297,-81.6107,3297.88623047,1590.93835449
"Alva","Tree 3",2017-04-08,"Quercus virginiana",0.939393939393939,26.7297,-81.6107,3409.44116211,1648.49328613
"Alva","Tree 3",2017-04-11,"Quercus virginiana",0.956896551724138,26.7297,-81.6107,3511.94213867,1696.9942627
"Alva","Tree 3",2017-04-14,"Quercus virginiana",0.925925925925926,26.7297,-81.6107,3622.32714844,1753.37927246
"Alva","Tree 3",2017-04-17,"Quercus virginiana",0.947826086956522,26.7297,-81.6107,3743.04418945,1820.09619141
"Alva","Tree 3",2017-04-19,"Quercus virginiana",0.959677419354839,26.7297,-81.6107,3825.51098633,1866.56323242
"Alva","Tree 3",2017-04-22,"Quercus virginiana",0.909090909090909,26.7297,-81.6107,3949.7199707,1936.7722168
"Alva","Tree 1",2017-03-10,"Quercus geminata",0.371134020618557,26.7297,-81.6107,2346.93798828,1107.98950195
"Alva","Tree 1",2017-03-13,"Quercus geminata",0.374149659863946,26.7297,-81.6107,2465.95410156,1173.00537109
"Alva","Tree 1",2017-03-16,"Quercus geminata",0.605042016806723,26.7297,-81.6107,2553.90209961,1206.95336914
"Alva","Tree 1",2017-03-20,"Quercus geminata",0.701388888888889,26.7297,-81.6107,2664.17895508,1245.23046875
"Alva","Tree 1",2017-03-24,"Quercus geminata",0.71875,26.7297,-81.6107,2802.96777344,1312.01953125
"Alva","Tree 1",2017-03-28,"Quercus geminata",0.826530612244898,26.7297,-81.6107,2954.0324707,1391.08435059
"Alva","Tree 1",2017-04-01,"Quercus geminata",0.806201550387597,26.7297,-81.6107,3116.59033203,1481.64233398
"Alva","Tree 1",2017-04-05,"Quercus geminata",0.953703703703704,26.7297,-81.6107,3297.88623047,1590.93835449
"Alva","Tree 1",2017-04-08,"Quercus geminata",0.972477064220184,26.7297,-81.6107,3409.44116211,1648.49328613
"Alva","Tree 1",2017-04-11,"Quercus geminata",0.925,26.7297,-81.6107,3511.94213867,1696.9942627
"Alva","Tree 1",2017-04-14,"Quercus geminata",0.859259259259259,26.7297,-81.6107,3622.32714844,1753.37927246
"Alva","Tree 1",2017-04-17,"Quercus geminata",0.974137931034483,26.7297,-81.6107,3743.04418945,1820.09619141
"Alva","Tree 1",2017-04-19,"Quercus geminata",0.961165048543689,26.7297,-81.6107,3825.51098633,1866.56323242
"Alva","Tree 1",2017-04-22,"Quercus geminata",0.9296875,26.7297,-81.6107,3949.7199707,1936.7722168
"Alva","Tree 2",2017-03-10,"Quercus geminata",0.276315789473684,26.7297,-81.6107,2346.93798828,1107.98950195
"Alva","Tree 2",2017-03-13,"Quercus geminata",0.571428571428571,26.7297,-81.6107,2465.95410156,1173.00537109
"Alva","Tree 2",2017-03-16,"Quercus geminata",0.613445378151261,26.7297,-81.6107,2553.90209961,1206.95336914
"Alva","Tree 2",2017-03-20,"Quercus geminata",0.692771084337349,26.7297,-81.6107,2664.17895508,1245.23046875
"Alva","Tree 2",2017-03-24,"Quercus geminata",0.706422018348624,26.7297,-81.6107,2802.96777344,1312.01953125
"Alva","Tree 2",2017-03-28,"Quercus geminata",0.725274725274725,26.7297,-81.6107,2954.0324707,1391.08435059
"Alva","Tree 2",2017-04-01,"Quercus geminata",0.856,26.7297,-81.6107,3116.59033203,1481.64233398
"Alva","Tree 2",2017-04-05,"Quercus geminata",0.963636363636364,26.7297,-81.6107,3297.88623047,1590.93835449
"Alva","Tree 2",2017-04-08,"Quercus geminata",0.964539007092199,26.7297,-81.6107,3409.44116211,1648.49328613
"Alva","Tree 2",2017-04-11,"Quercus geminata",0.961240310077519,26.7297,-81.6107,3511.94213867,1696.9942627
"Alva","Tree 2",2017-04-14,"Quercus geminata",0.928571428571429,26.7297,-81.6107,3622.32714844,1753.37927246
"Alva","Tree 2",2017-04-17,"Quercus geminata",0.962962962962963,26.7297,-81.6107,3743.04418945,1820.09619141
"Alva","Tree 2",2017-04-19,"Quercus geminata",0.97,26.7297,-81.6107,3825.51098633,1866.56323242
"Alva","Tree 2",2017-04-22,"Quercus geminata",0.981308411214953,26.7297,-81.6107,3949.7199707,1936.7722168
"Archbold","Tree 1",2017-03-10,"Quercus virginiana",0.36241610738255,27.1831,-81.3552,2321.31518555,1082.50097656
"Archbold","Tree 1",2017-03-13,"Quercus virginiana",0.496240601503759,27.1831,-81.3552,2438.50439453,1145.68994141
"Archbold","Tree 1",2017-03-16,"Quercus virginiana",0.57843137254902,27.1831,-81.3552,2525.05737305,1178.24279785
"Archbold","Tree 1",2017-03-20,"Quercus virginiana",0.855555555555556,27.1831,-81.3552,2635.20849609,1216.39367676
"Archbold","Tree 1",2017-03-24,"Quercus virginiana",0.813084112149533,27.1831,-81.3552,2775.18554688,1284.37060547
"Archbold","Tree 1",2017-03-29,"Quercus virginiana",0.88695652173913,27.1831,-81.3552,2961.79150391,1380.9765625
"Archbold","Tree 1",2017-04-01,"Quercus virginiana",0.963302752293578,27.1831,-81.3552,3084.0925293,1449.27746582
"Archbold","Tree 1",2017-04-06,"Quercus virginiana",0.927927927927928,27.1831,-81.3552,3314.46557617,1589.65039062
"Archbold","Tree 1",2017-04-10,"Quercus virginiana",0.931034482758621,27.1831,-81.3552,3447.66552734,1650.8503418
"Archbold","Tree 1",2017-04-13,"Quercus virginiana",0.933884297520661,27.1831,-81.3552,3558.90551758,1708.09033203
"Archbold","Tree 1",2017-04-16,"Quercus virginiana",0.954545454545455,27.1831,-81.3552,3677.49853516,1772.68334961
"Archbold","Tree 1",2017-04-19,"Quercus virginiana",0.939393939393939,27.1831,-81.3552,3798.04467773,1839.22924805
"Archbold","Tree 1",2017-04-22,"Quercus virginiana",0.957264957264957,27.1831,-81.3552,3921.23657227,1908.42114258
"Archbold","Tree 1",2017-04-24,"Quercus virginiana",0.96875,27.1831,-81.3552,4003.83862305,1955.02307129
"Archbold","Tree 2",2017-03-10,"Quercus virginiana",0.415254237288136,27.1831,-81.3552,2321.31518555,1082.50097656
"Archbold","Tree 2",2017-03-13,"Quercus virginiana",0.491803278688525,27.1831,-81.3552,2438.50439453,1145.68994141
"Archbold","Tree 2",2017-03-16,"Quercus virginiana",0.574468085106383,27.1831,-81.3552,2525.05737305,1178.24279785
"Archbold","Tree 2",2017-03-20,"Quercus virginiana",0.761363636363636,27.1831,-81.3552,2635.20849609,1216.39367676
"Archbold","Tree 2",2017-03-24,"Quercus virginiana",0.781512605042017,27.1831,-81.3552,2775.18554688,1284.37060547
"Archbold","Tree 2",2017-03-29,"Quercus virginiana",0.792792792792793,27.1831,-81.3552,2961.79150391,1380.9765625
"Archbold","Tree 2",2017-04-01,"Quercus virginiana",0.854368932038835,27.1831,-81.3552,3084.0925293,1449.27746582
"Archbold","Tree 2",2017-04-06,"Quercus virginiana",0.907563025210084,27.1831,-81.3552,3314.46557617,1589.65039062
"Archbold","Tree 2",2017-04-10,"Quercus virginiana",0.933774834437086,27.1831,-81.3552,3447.66552734,1650.8503418
"Archbold","Tree 2",2017-04-13,"Quercus virginiana",0.911764705882353,27.1831,-81.3552,3558.90551758,1708.09033203
"Archbold","Tree 2",2017-04-16,"Quercus virginiana",0.932203389830508,27.1831,-81.3552,3677.49853516,1772.68334961
"Archbold","Tree 2",2017-04-19,"Quercus virginiana",0.927927927927928,27.1831,-81.3552,3798.04467773,1839.22924805
"Archbold","Tree 2",2017-04-22,"Quercus virginiana",0.943396226415094,27.1831,-81.3552,3921.23657227,1908.42114258
"Archbold","Tree 2",2017-04-24,"Quercus virginiana",0.954954954954955,27.1831,-81.3552,4003.83862305,1955.02307129
"Archbold","Tree 3",2017-03-10,"Quercus virginiana",0.405405405405405,27.1831,-81.3552,2321.31518555,1082.50097656
"Archbold","Tree 3",2017-03-13,"Quercus virginiana",0.533980582524272,27.1831,-81.3552,2438.50439453,1145.68994141
"Archbold","Tree 3",2017-03-16,"Quercus virginiana",0.652173913043478,27.1831,-81.3552,2525.05737305,1178.24279785
"Archbold","Tree 3",2017-03-20,"Quercus virginiana",0.859504132231405,27.1831,-81.3552,2635.20849609,1216.39367676
"Archbold","Tree 3",2017-03-24,"Quercus virginiana",0.712230215827338,27.1831,-81.3552,2775.18554688,1284.37060547
"Archbold","Tree 3",2017-03-29,"Quercus virginiana",0.86046511627907,27.1831,-81.3552,2961.79150391,1380.9765625
"Archbold","Tree 3",2017-04-01,"Quercus virginiana",0.894308943089431,27.1831,-81.3552,3084.0925293,1449.27746582
"Archbold","Tree 3",2017-04-06,"Quercus virginiana",0.860215053763441,27.1831,-81.3552,3314.46557617,1589.65039062
"Archbold","Tree 3",2017-04-10,"Quercus virginiana",0.96969696969697,27.1831,-81.3552,3447.66552734,1650.8503418
"Archbold","Tree 3",2017-04-13,"Quercus virginiana",0.921259842519685,27.1831,-81.3552,3558.90551758,1708.09033203
"Archbold","Tree 3",2017-04-16,"Quercus virginiana",0.951923076923077,27.1831,-81.3552,3677.49853516,1772.68334961
"Archbold","Tree 3",2017-04-19,"Quercus virginiana",0.947368421052632,27.1831,-81.3552,3798.04467773,1839.22924805
"Archbold","Tree 3",2017-04-22,"Quercus virginiana",0.928,27.1831,-81.3552,3921.23657227,1908.42114258
"Archbold","Tree 3",2017-04-24,"Quercus virginiana",0.976190476190476,27.1831,-81.3552,4003.83862305,1955.02307129
"Archbold","Tree 4",2017-03-10,"Quercus virginiana",0.396039603960396,27.1831,-81.3552,2321.31518555,1082.50097656
"Archbold","Tree 4",2017-03-13,"Quercus virginiana",0.5,27.1831,-81.3552,2438.50439453,1145.68994141
"Archbold","Tree 4",2017-03-16,"Quercus virginiana",0.418367346938776,27.1831,-81.3552,2525.05737305,1178.24279785
"Archbold","Tree 4",2017-03-20,"Quercus virginiana",0.62,27.1831,-81.3552,2635.20849609,1216.39367676
"Archbold","Tree 4",2017-03-24,"Quercus virginiana",0.709677419354839,27.1831,-81.3552,2775.18554688,1284.37060547
"Archbold","Tree 4",2017-03-29,"Quercus virginiana",0.779661016949153,27.1831,-81.3552,2961.79150391,1380.9765625
"Archbold","Tree 4",2017-04-06,"Quercus virginiana",0.787878787878788,27.1831,-81.3552,3314.46557617,1589.65039062
"Archbold","Tree 4",2017-04-10,"Quercus virginiana",0.907407407407407,27.1831,-81.3552,3447.66552734,1650.8503418
"Archbold","Tree 4",2017-04-13,"Quercus virginiana",0.901639344262295,27.1831,-81.3552,3558.90551758,1708.09033203
"Archbold","Tree 4",2017-04-16,"Quercus virginiana",0.948453608247423,27.1831,-81.3552,3677.49853516,1772.68334961
"Archbold","Tree 4",2017-04-19,"Quercus virginiana",0.971698113207547,27.1831,-81.3552,3798.04467773,1839.22924805
"Archbold","Tree 4",2017-04-22,"Quercus virginiana",0.939655172413793,27.1831,-81.3552,3921.23657227,1908.42114258
"Archbold","Tree 4",2017-04-24,"Quercus virginiana",0.96,27.1831,-81.3552,4003.83862305,1955.02307129
"Archbold","Tree 5",2017-03-10,"Quercus virginiana",0.423423423423423,27.1831,-81.3552,2321.31518555,1082.50097656
"Archbold","Tree 5",2017-03-13,"Quercus virginiana",0.530769230769231,27.1831,-81.3552,2438.50439453,1145.68994141
"Archbold","Tree 5",2017-03-16,"Quercus virginiana",0.691176470588235,27.1831,-81.3552,2525.05737305,1178.24279785
"Archbold","Tree 5",2017-03-20,"Quercus virginiana",0.8515625,27.1831,-81.3552,2635.20849609,1216.39367676
"Archbold","Tree 5",2017-03-24,"Quercus virginiana",0.875,27.1831,-81.3552,2775.18554688,1284.37060547
"Archbold","Tree 5",2017-03-29,"Quercus virginiana",0.857142857142857,27.1831,-81.3552,2961.79150391,1380.9765625
"Archbold","Tree 5",2017-04-01,"Quercus virginiana",0.927710843373494,27.1831,-81.3552,3084.0925293,1449.27746582
"Archbold","Tree 5",2017-04-06,"Quercus virginiana",0.958333333333333,27.1831,-81.3552,3314.46557617,1589.65039062
"Archbold","Tree 5",2017-04-10,"Quercus virginiana",0.963963963963964,27.1831,-81.3552,3447.66552734,1650.8503418
"Archbold","Tree 5",2017-04-13,"Quercus virginiana",0.942857142857143,27.1831,-81.3552,3558.90551758,1708.09033203
"Archbold","Tree 5",2017-04-16,"Quercus virginiana",0.969072164948454,27.1831,-81.3552,3677.49853516,1772.68334961
"Archbold","Tree 5",2017-04-19,"Quercus virginiana",0.933823529411765,27.1831,-81.3552,3798.04467773,1839.22924805
"Archbold","Tree 5",2017-04-22,"Quercus virginiana",0.989795918367347,27.1831,-81.3552,3921.23657227,1908.42114258
"Archbold","Tree 5",2017-04-24,"Quercus virginiana",0.97029702970297,27.1831,-81.3552,4003.83862305,1955.02307129
"Archbold","Tree 1",2017-03-16,"Quercus geminata",0,27.1831,-81.3552,2525.05737305,1178.24279785
"Archbold","Tree 1",2017-03-20,"Quercus geminata",0.0118343195266272,27.1831,-81.3552,2635.20849609,1216.39367676
"Archbold","Tree 1",2017-03-24,"Quercus geminata",0.188888888888889,27.1831,-81.3552,2775.18554688,1284.37060547
"Archbold","Tree 1",2017-03-29,"Quercus geminata",0.203125,27.1831,-81.3552,2961.79150391,1380.9765625
"Archbold","Tree 1",2017-04-01,"Quercus geminata",0.153846153846154,27.1831,-81.3552,3084.0925293,1449.27746582
"Archbold","Tree 1",2017-04-06,"Quercus geminata",0.284615384615385,27.1831,-81.3552,3314.46557617,1589.65039062
"Archbold","Tree 1",2017-04-10,"Quercus geminata",0.37984496124031,27.1831,-81.3552,3447.66552734,1650.8503418
"Archbold","Tree 1",2017-04-13,"Quercus geminata",0.80952380952381,27.1831,-81.3552,3558.90551758,1708.09033203
"Archbold","Tree 1",2017-04-16,"Quercus geminata",0.879432624113475,27.1831,-81.3552,3677.49853516,1772.68334961
"Archbold","Tree 1",2017-04-19,"Quercus geminata",0.902097902097902,27.1831,-81.3552,3798.04467773,1839.22924805
"Archbold","Tree 1",2017-04-22,"Quercus geminata",0.944444444444444,27.1831,-81.3552,3921.23657227,1908.42114258
"Archbold","Tree 1",2017-04-14,"Quercus geminata",0.942857142857143,27.1831,-81.3552,3597.68652344,1728.87133789
"Archbold","Tree 2",2017-03-16,"Quercus geminata",0,27.1831,-81.3552,2525.05737305,1178.24279785
"Archbold","Tree 2",2017-03-20,"Quercus geminata",0.0108108108108108,27.1831,-81.3552,2635.20849609,1216.39367676
"Archbold","Tree 2",2017-03-24,"Quercus geminata",0,27.1831,-81.3552,2775.18554688,1284.37060547
"Archbold","Tree 2",2017-03-29,"Quercus geminata",0.00735294117647059,27.1831,-81.3552,2961.79150391,1380.9765625
"Archbold","Tree 2",2017-04-01,"Quercus geminata",0.0508474576271186,27.1831,-81.3552,3084.0925293,1449.27746582
"Archbold","Tree 2",2017-04-06,"Quercus geminata",0.487179487179487,27.1831,-81.3552,3314.46557617,1589.65039062
"Archbold","Tree 2",2017-04-10,"Quercus geminata",0.567567567567568,27.1831,-81.3552,3447.66552734,1650.8503418
"Archbold","Tree 2",2017-04-13,"Quercus geminata",0.684210526315789,27.1831,-81.3552,3558.90551758,1708.09033203
"Archbold","Tree 2",2017-04-16,"Quercus geminata",0.77319587628866,27.1831,-81.3552,3677.49853516,1772.68334961
"Archbold","Tree 2",2017-04-19,"Quercus geminata",0.816326530612245,27.1831,-81.3552,3798.04467773,1839.22924805
"Archbold","Tree 2",2017-04-22,"Quercus geminata",0.925925925925926,27.1831,-81.3552,3921.23657227,1908.42114258
"Archbold","Tree 2",2017-04-24,"Quercus geminata",0.942528735632184,27.1831,-81.3552,4003.83862305,1955.02307129
"Archbold","Tree 3",2017-03-16,"Quercus geminata",0,27.1831,-81.3552,2525.05737305,1178.24279785
"Archbold","Tree 3",2017-03-20,"Quercus geminata",0,27.1831,-81.3552,2635.20849609,1216.39367676
"Archbold","Tree 3",2017-03-24,"Quercus geminata",0.00813008130081301,27.1831,-81.3552,2775.18554688,1284.37060547
"Archbold","Tree 3",2017-03-29,"Quercus geminata",0.308943089430894,27.1831,-81.3552,2961.79150391,1380.9765625
"Archbold","Tree 3",2017-04-01,"Quercus geminata",0.341463414634146,27.1831,-81.3552,3084.0925293,1449.27746582
"Archbold","Tree 3",2017-04-06,"Quercus geminata",0.565656565656566,27.1831,-81.3552,3314.46557617,1589.65039062
"Archbold","Tree 3",2017-04-10,"Quercus geminata",0.643939393939394,27.1831,-81.3552,3447.66552734,1650.8503418
"Archbold","Tree 3",2017-04-13,"Quercus geminata",0.683544303797468,27.1831,-81.3552,3558.90551758,1708.09033203
"Archbold","Tree 3",2017-04-16,"Quercus geminata",0.720338983050847,27.1831,-81.3552,3677.49853516,1772.68334961
"Archbold","Tree 3",2017-04-19,"Quercus geminata",0.788135593220339,27.1831,-81.3552,3798.04467773,1839.22924805
"Archbold","Tree 3",2017-04-22,"Quercus geminata",0.894736842105263,27.1831,-81.3552,3921.23657227,1908.42114258
"Archbold","Tree 3",2017-04-24,"Quercus geminata",0.930232558139535,27.1831,-81.3552,4003.83862305,1955.02307129
"Archbold","Tree 4",2017-03-16,"Quercus geminata",0.015625,27.1831,-81.3552,2525.05737305,1178.24279785
"Archbold","Tree 4",2017-03-20,"Quercus geminata",0.115183246073298,27.1831,-81.3552,2635.20849609,1216.39367676
"Archbold","Tree 4",2017-03-24,"Quercus geminata",0.217391304347826,27.1831,-81.3552,2775.18554688,1284.37060547
"Archbold","Tree 4",2017-03-29,"Quercus geminata",0.255474452554745,27.1831,-81.3552,2961.79150391,1380.9765625
"Archbold","Tree 4",2017-04-01,"Quercus geminata",0.316546762589928,27.1831,-81.3552,3084.0925293,1449.27746582
"Archbold","Tree 4",2017-04-06,"Quercus geminata",0.423423423423423,27.1831,-81.3552,3314.46557617,1589.65039062
"Archbold","Tree 4",2017-04-10,"Quercus geminata",0.532846715328467,27.1831,-81.3552,3447.66552734,1650.8503418
"Archbold","Tree 4",2017-04-13,"Quercus geminata",0.715328467153285,27.1831,-81.3552,3558.90551758,1708.09033203
"Archbold","Tree 4",2017-04-16,"Quercus geminata",0.888888888888889,27.1831,-81.3552,3677.49853516,1772.68334961
"Archbold","Tree 4",2017-04-19,"Quercus geminata",0.877862595419847,27.1831,-81.3552,3798.04467773,1839.22924805
"Archbold","Tree 4",2017-04-22,"Quercus geminata",0.934782608695652,27.1831,-81.3552,3921.23657227,1908.42114258
"Archbold","Tree 4",2017-04-24,"Quercus geminata",0.958677685950413,27.1831,-81.3552,4003.83862305,1955.02307129
"Archbold","Tree 5",2017-03-16,"Quercus geminata",0,27.1831,-81.3552,2525.05737305,1178.24279785
"Archbold","Tree 5",2017-03-20,"Quercus geminata",0.029940119760479,27.1831,-81.3552,2635.20849609,1216.39367676
"Archbold","Tree 5",2017-03-24,"Quercus geminata",0.0423728813559322,27.1831,-81.3552,2775.18554688,1284.37060547
"Archbold","Tree 5",2017-03-29,"Quercus geminata",0.0827067669172932,27.1831,-81.3552,2961.79150391,1380.9765625
"Archbold","Tree 5",2017-04-01,"Quercus geminata",0.165137614678899,27.1831,-81.3552,3084.0925293,1449.27746582
"Archbold","Tree 5",2017-04-06,"Quercus geminata",0.336448598130841,27.1831,-81.3552,3314.46557617,1589.65039062
"Archbold","Tree 5",2017-04-10,"Quercus geminata",0.451327433628319,27.1831,-81.3552,3447.66552734,1650.8503418
"Archbold","Tree 5",2017-04-13,"Quercus geminata",0.637795275590551,27.1831,-81.3552,3558.90551758,1708.09033203
"Archbold","Tree 5",2017-04-16,"Quercus geminata",0.764150943396226,27.1831,-81.3552,3677.49853516,1772.68334961
"Archbold","Tree 5",2017-04-19,"Quercus geminata",0.871794871794872,27.1831,-81.3552,3798.04467773,1839.22924805
"Archbold","Tree 5",2017-04-22,"Quercus geminata",0.855932203389831,27.1831,-81.3552,3921.23657227,1908.42114258
"Archbold","Tree 5",2017-04-24,"Quercus geminata",0.956521739130435,27.1831,-81.3552,4003.83862305,1955.02307129
"Dickinson","Tree 1",2017-03-10,"Quercus geminata",0.00230414746543779,27.0029,-80.1015,2565.26098633,1323.26037598
"Dickinson","Tree 1",2017-03-13,"Quercus geminata",0.00793650793650794,27.0029,-80.1015,2687.89477539,1391.89428711
"Dickinson","Tree 1",2017-03-15,"Quercus geminata",0.0338600451467269,27.0029,-80.1015,2761.19067383,1429.19030762
"Dickinson","Tree 1",2017-03-19,"Quercus geminata",0.129533678756477,27.0029,-80.1015,2867.45385742,1463.453125
"Dickinson","Tree 1",2017-03-25,"Quercus geminata",0.252604166666667,27.0029,-80.1015,3083.20166016,1571.20117188
"Dickinson","Tree 1",2017-03-30,"Quercus geminata",0.442553191489362,27.0029,-80.1015,3282.84863281,1680.8482666
"Dickinson","Tree 1",2017-04-03,"Quercus geminata",0.705627705627706,27.0029,-80.1015,3453.88476562,1779.88415527
"Dickinson","Tree 1",2017-04-06,"Quercus geminata",0.786713286713287,27.0029,-80.1015,3594.37475586,1866.37414551
"Dickinson","Tree 1",2017-04-08,"Quercus geminata",0.733766233766234,27.0029,-80.1015,3664.99780273,1900.99719238
"Dickinson","Tree 1",2017-04-12,"Quercus geminata",0.86687306501548,27.0029,-80.1015,3827.33984375,1991.33911133
"Dickinson","Tree 1",2017-04-14,"Quercus geminata",0.839181286549708,27.0029,-80.1015,3915.10791016,2043.10705566
"Dickinson","Tree 1",2017-04-18,"Quercus geminata",0.880503144654088,27.0029,-80.1015,4092.77685547,2148.77612305
"Dickinson","Tree 1",2017-04-21,"Quercus geminata",0.916666666666667,27.0029,-80.1015,4227.66845703,2229.66821289
"Dickinson","Tree 1",2017-04-23,"Quercus geminata",0.928348909657321,27.0029,-80.1015,4316.88574219,2282.88500977
"Gatorama","Tree 1",2017-03-10,"Quercus virginiana",0.34375,26.9326,-81.29,2313.55737305,1073.4744873
"Gatorama","Tree 1",2017-03-13,"Quercus virginiana",0.427480916030534,26.9326,-81.29,2430.77319336,1136.69042969
"Gatorama","Tree 1",2017-03-16,"Quercus virginiana",0.444444444444444,26.9326,-81.29,2517.25439453,1169.17138672
"Gatorama","Tree 1",2017-03-20,"Quercus virginiana",0.770491803278688,26.9326,-81.29,2623.32836914,1203.24523926
"Gatorama","Tree 1",2017-03-24,"Quercus virginiana",0.847826086956522,26.9326,-81.29,2759.5793457,1267.49621582
"Gatorama","Tree 1",2017-03-28,"Quercus virginiana",0.957894736842105,26.9326,-81.29,2903.8762207,1339.79321289
"Gatorama","Tree 1",2017-04-01,"Quercus virginiana",0.944954128440367,26.9326,-81.29,3063.57202148,1427.48925781
"Gatorama","Tree 1",2017-04-05,"Quercus virginiana",0.954022988505747,26.9326,-81.29,3246.64990234,1538.56713867
"Gatorama","Tree 1",2017-04-08,"Quercus virginiana",0.938053097345133,26.9326,-81.29,3360.22998047,1598.14709473
"Gatorama","Tree 1",2017-04-11,"Quercus virginiana",0.958333333333333,26.9326,-81.29,3461.0300293,1644.94702148
"Gatorama","Tree 1",2017-04-14,"Quercus virginiana",0.941176470588235,26.9326,-81.29,3572.49487305,1702.41210938
"Gatorama","Tree 1",2017-04-17,"Quercus virginiana",0.943548387096774,26.9326,-81.29,3691.15991211,1767.07714844
"Gatorama","Tree 1",2017-04-19,"Quercus virginiana",0.924778761061947,26.9326,-81.29,3771.25073242,1811.16809082
"Gatorama","Tree 1",2017-04-22,"Quercus virginiana",0.946601941747573,26.9326,-81.29,3893.87548828,1879.79309082
"Gatorama","Tree 2",2017-03-10,"Quercus virginiana",0.385767790262172,26.9326,-81.29,2313.55737305,1073.4744873
"Gatorama","Tree 2",2017-03-13,"Quercus virginiana",0.526119402985075,26.9326,-81.29,2430.77319336,1136.69042969
"Gatorama","Tree 2",2017-03-16,"Quercus virginiana",0.555555555555556,26.9326,-81.29,2517.25439453,1169.17138672
"Gatorama","Tree 2",2017-03-20,"Quercus virginiana",0.679245283018868,26.9326,-81.29,2623.32836914,1203.24523926
"Gatorama","Tree 2",2017-03-24,"Quercus virginiana",0.708502024291498,26.9326,-81.29,2759.5793457,1267.49621582
"Gatorama","Tree 2",2017-03-28,"Quercus virginiana",0.818181818181818,26.9326,-81.29,2903.8762207,1339.79321289
"Gatorama","Tree 2",2017-04-01,"Quercus virginiana",0.87890625,26.9326,-81.29,3063.57202148,1427.48925781
"Gatorama","Tree 2",2017-04-05,"Quercus virginiana",0.915057915057915,26.9326,-81.29,3246.64990234,1538.56713867
"Gatorama","Tree 2",2017-04-08,"Quercus virginiana",0.921933085501859,26.9326,-81.29,3360.22998047,1598.14709473
"Gatorama","Tree 2",2017-04-11,"Quercus virginiana",0.936170212765957,26.9326,-81.29,3461.0300293,1644.94702148
"Gatorama","Tree 2",2017-04-14,"Quercus virginiana",0.917355371900826,26.9326,-81.29,3572.49487305,1702.41210938
"Gatorama","Tree 2",2017-04-17,"Quercus virginiana",0.96,26.9326,-81.29,3691.15991211,1767.07714844
"Gatorama","Tree 2",2017-04-19,"Quercus virginiana",0.90625,26.9326,-81.29,3771.25073242,1811.16809082
"Gatorama","Tree 2",2017-04-22,"Quercus virginiana",0.914163090128755,26.9326,-81.29,3893.87548828,1879.79309082
"Gatorama","Tree 3",2017-04-11,"Quercus virginiana",0.876923076923077,26.9326,-81.29,3461.0300293,1644.94702148
"Gatorama","Tree 3",2017-04-14,"Quercus virginiana",0.969072164948454,26.9326,-81.29,3572.49487305,1702.41210938
"Gatorama","Tree 3",2017-04-17,"Quercus virginiana",0.953271028037383,26.9326,-81.29,3691.15991211,1767.07714844
"Gatorama","Tree 3",2017-04-19,"Quercus virginiana",0.914893617021277,26.9326,-81.29,3771.25073242,1811.16809082
"Gatorama","Tree 3",2017-04-22,"Quercus virginiana",0.940860215053763,26.9326,-81.29,3893.87548828,1879.79309082
"Gatorama","Tree 4",2017-03-10,"Quercus virginiana",0.388429752066116,26.9326,-81.29,2313.55737305,1073.4744873
"Gatorama","Tree 4",2017-03-13,"Quercus virginiana",0.493975903614458,26.9326,-81.29,2430.77319336,1136.69042969
"Gatorama","Tree 4",2017-03-16,"Quercus virginiana",0.637795275590551,26.9326,-81.29,2517.25439453,1169.17138672
"Gatorama","Tree 4",2017-03-20,"Quercus virginiana",0.704225352112676,26.9326,-81.29,2623.32836914,1203.24523926
"Gatorama","Tree 4",2017-03-24,"Quercus virginiana",0.753968253968254,26.9326,-81.29,2759.5793457,1267.49621582
"Gatorama","Tree 4",2017-03-28,"Quercus virginiana",0.852112676056338,26.9326,-81.29,2903.8762207,1339.79321289
"Gatorama","Tree 4",2017-04-01,"Quercus virginiana",0.90625,26.9326,-81.29,3063.57202148,1427.48925781
"Gatorama","Tree 4",2017-04-05,"Quercus virginiana",0.928571428571429,26.9326,-81.29,3246.64990234,1538.56713867
"Gatorama","Tree 4",2017-04-08,"Quercus virginiana",0.942857142857143,26.9326,-81.29,3360.22998047,1598.14709473
"Gatorama","Tree 4",2017-04-11,"Quercus virginiana",0.941666666666667,26.9326,-81.29,3461.0300293,1644.94702148
"Gatorama","Tree 4",2017-04-14,"Quercus virginiana",0.930769230769231,26.9326,-81.29,3572.49487305,1702.41210938
"Gatorama","Tree 4",2017-04-17,"Quercus virginiana",0.927007299270073,26.9326,-81.29,3691.15991211,1767.07714844
"Gatorama","Tree 4",2017-04-19,"Quercus virginiana",0.909836065573771,26.9326,-81.29,3771.25073242,1811.16809082
"Gatorama","Tree 4",2017-04-22,"Quercus virginiana",0.952,26.9326,-81.29,3893.87548828,1879.79309082
"Gatorama","Tree 1",2017-03-10,"Quercus geminata",0,26.9326,-81.29,2313.55737305,1073.4744873
"Gatorama","Tree 1",2017-03-13,"Quercus geminata",0,26.9326,-81.29,2430.77319336,1136.69042969
"Gatorama","Tree 1",2017-03-16,"Quercus geminata",0.0138888888888889,26.9326,-81.29,2517.25439453,1169.17138672
"Gatorama","Tree 1",2017-03-20,"Quercus geminata",0.0395480225988701,26.9326,-81.29,2623.32836914,1203.24523926
"Gatorama","Tree 1",2017-03-24,"Quercus geminata",0.032258064516129,26.9326,-81.29,2759.5793457,1267.49621582
"Gatorama","Tree 1",2017-03-28,"Quercus geminata",0.05,26.9326,-81.29,2903.8762207,1339.79321289
"Gatorama","Tree 1",2017-04-01,"Quercus geminata",0.194444444444444,26.9326,-81.29,3063.57202148,1427.48925781
"Gatorama","Tree 1",2017-04-05,"Quercus geminata",0.3,26.9326,-81.29,3246.64990234,1538.56713867
"Gatorama","Tree 1",2017-04-08,"Quercus geminata",0.73469387755102,26.9326,-81.29,3360.22998047,1598.14709473
"Gatorama","Tree 1",2017-04-11,"Quercus geminata",0.802919708029197,26.9326,-81.29,3461.0300293,1644.94702148
"Gatorama","Tree 1",2017-04-14,"Quercus geminata",0.84,26.9326,-81.29,3572.49487305,1702.41210938
"Gatorama","Tree 1",2017-04-17,"Quercus geminata",0.830357142857143,26.9326,-81.29,3691.15991211,1767.07714844
"Gatorama","Tree 1",2017-04-19,"Quercus geminata",0.884615384615385,26.9326,-81.29,3771.25073242,1811.16809082
"Gatorama","Tree 1",2017-04-22,"Quercus geminata",0.943661971830986,26.9326,-81.29,3893.87548828,1879.79309082
"Gatorama","Tree 2",2017-03-10,"Quercus geminata",0.00680272108843537,26.9326,-81.29,2313.55737305,1073.4744873
"Gatorama","Tree 2",2017-03-13,"Quercus geminata",0.00694444444444444,26.9326,-81.29,2430.77319336,1136.69042969
"Gatorama","Tree 2",2017-03-16,"Quercus geminata",0.0150375939849624,26.9326,-81.29,2517.25439453,1169.17138672
"Gatorama","Tree 2",2017-03-20,"Quercus geminata",0,26.9326,-81.29,2623.32836914,1203.24523926
"Gatorama","Tree 2",2017-03-24,"Quercus geminata",0.0333333333333333,26.9326,-81.29,2759.5793457,1267.49621582
"Gatorama","Tree 2",2017-03-28,"Quercus geminata",0.0833333333333333,26.9326,-81.29,2903.8762207,1339.79321289
"Gatorama","Tree 2",2017-04-01,"Quercus geminata",0.169811320754717,26.9326,-81.29,3063.57202148,1427.48925781
"Gatorama","Tree 2",2017-04-05,"Quercus geminata",0.277777777777778,26.9326,-81.29,3246.64990234,1538.56713867
"Gatorama","Tree 2",2017-04-08,"Quercus geminata",0.4,26.9326,-81.29,3360.22998047,1598.14709473
"Gatorama","Tree 2",2017-04-11,"Quercus geminata",0.752212389380531,26.9326,-81.29,3461.0300293,1644.94702148
"Gatorama","Tree 2",2017-04-14,"Quercus geminata",0.783783783783784,26.9326,-81.29,3572.49487305,1702.41210938
"Gatorama","Tree 2",2017-04-17,"Quercus geminata",0.817460317460317,26.9326,-81.29,3691.15991211,1767.07714844
"Gatorama","Tree 2",2017-04-19,"Quercus geminata",0.863636363636364,26.9326,-81.29,3771.25073242,1811.16809082
"Gatorama","Tree 2",2017-04-22,"Quercus geminata",0.938271604938272,26.9326,-81.29,3893.87548828,1879.79309082
"Gatorama","Tree 3",2017-03-10,"Quercus geminata",0.00662251655629139,26.9326,-81.29,2313.55737305,1073.4744873
"Gatorama","Tree 3",2017-03-13,"Quercus geminata",0.0144927536231884,26.9326,-81.29,2430.77319336,1136.69042969
"Gatorama","Tree 3",2017-03-16,"Quercus geminata",0.00632911392405063,26.9326,-81.29,2517.25439453,1169.17138672
"Gatorama","Tree 3",2017-03-20,"Quercus geminata",0.0245398773006135,26.9326,-81.29,2623.32836914,1203.24523926
"Gatorama","Tree 3",2017-03-24,"Quercus geminata",0.0661157024793388,26.9326,-81.29,2759.5793457,1267.49621582
"Gatorama","Tree 3",2017-03-28,"Quercus geminata",0.148148148148148,26.9326,-81.29,2903.8762207,1339.79321289
"Gatorama","Tree 3",2017-04-01,"Quercus geminata",0.241935483870968,26.9326,-81.29,3063.57202148,1427.48925781
"Gatorama","Tree 3",2017-04-05,"Quercus geminata",0.352459016393443,26.9326,-81.29,3246.64990234,1538.56713867
"Gatorama","Tree 3",2017-04-08,"Quercus geminata",0.782258064516129,26.9326,-81.29,3360.22998047,1598.14709473
"Gatorama","Tree 3",2017-04-11,"Quercus geminata",0.834710743801653,26.9326,-81.29,3461.0300293,1644.94702148
"Gatorama","Tree 3",2017-04-14,"Quercus geminata",0.825,26.9326,-81.29,3572.49487305,1702.41210938
"Gatorama","Tree 3",2017-04-17,"Quercus geminata",0.81203007518797,26.9326,-81.29,3691.15991211,1767.07714844
"Gatorama","Tree 3",2017-04-19,"Quercus geminata",0.808333333333333,26.9326,-81.29,3771.25073242,1811.16809082
"Gatorama","Tree 3",2017-04-22,"Quercus geminata",0.875,26.9326,-81.29,3893.87548828,1879.79309082
"Gatorama","Tree 4",2017-03-10,"Quercus geminata",0.0420168067226891,26.9326,-81.29,2313.55737305,1073.4744873
"Gatorama","Tree 4",2017-03-13,"Quercus geminata",0.0352112676056338,26.9326,-81.29,2430.77319336,1136.69042969
"Gatorama","Tree 4",2017-03-16,"Quercus geminata",0.0701754385964912,26.9326,-81.29,2517.25439453,1169.17138672
"Gatorama","Tree 4",2017-03-20,"Quercus geminata",0.0588235294117647,26.9326,-81.29,2623.32836914,1203.24523926
"Gatorama","Tree 4",2017-03-24,"Quercus geminata",0.111111111111111,26.9326,-81.29,2759.5793457,1267.49621582
"Gatorama","Tree 4",2017-03-28,"Quercus geminata",0.188976377952756,26.9326,-81.29,2903.8762207,1339.79321289
"Gatorama","Tree 4",2017-04-01,"Quercus geminata",0.326388888888889,26.9326,-81.29,3063.57202148,1427.48925781
"Gatorama","Tree 4",2017-04-05,"Quercus geminata",0.482758620689655,26.9326,-81.29,3246.64990234,1538.56713867
"Gatorama","Tree 4",2017-04-08,"Quercus geminata",0.666666666666667,26.9326,-81.29,3360.22998047,1598.14709473
"Gatorama","Tree 4",2017-04-11,"Quercus geminata",0.75,26.9326,-81.29,3461.0300293,1644.94702148
"Gatorama","Tree 4",2017-04-14,"Quercus geminata",0.833333333333333,26.9326,-81.29,3572.49487305,1702.41210938
"Gatorama","Tree 4",2017-04-17,"Quercus geminata",0.866666666666667,26.9326,-81.29,3691.15991211,1767.07714844
"Gatorama","Tree 4",2017-04-19,"Quercus geminata",0.948717948717949,26.9326,-81.29,3771.25073242,1811.16809082
"Gatorama","Tree 4",2017-04-22,"Quercus geminata",0.907692307692308,26.9326,-81.29,3893.87548828,1879.79309082
"Kissimmee","Tree 1",2017-03-08,"Quercus virginiana",0.27979274611399,27.9828,-81.3826,2251.23193359,1050.96508789
"Kissimmee","Tree 1",2017-03-11,"Quercus virginiana",0.264423076923077,27.9828,-81.3826,2369.23095703,1114.96398926
"Kissimmee","Tree 1",2017-03-17,"Quercus virginiana",0.424050632911392,27.9828,-81.3826,2548.89794922,1186.63110352
"Kissimmee","Tree 1",2017-03-20,"Quercus virginiana",0.58433734939759,27.9828,-81.3826,2635.45092773,1219.18395996
"Kissimmee","Tree 1",2017-03-23,"Quercus virginiana",0.659340659340659,27.9828,-81.3826,2737.46606445,1267.19885254
"Kissimmee","Tree 1",2017-03-28,"Quercus virginiana",0.822916666666667,27.9828,-81.3826,2925.35009766,1365.08276367
"Kissimmee","Tree 1",2017-04-01,"Quercus virginiana",0.913978494623656,27.9828,-81.3826,3093.79394531,1461.52661133
"Kissimmee","Tree 1",2017-04-05,"Quercus virginiana",0.908333333333333,27.9828,-81.3826,3276.06201172,1571.79443359
"Kissimmee","Tree 1",2017-04-08,"Quercus virginiana",0.945454545454545,27.9828,-81.3826,3391.44189453,1633.17431641
"Kissimmee","Tree 1",2017-04-12,"Quercus virginiana",0.943396226415094,27.9828,-81.3826,3533.58789062,1703.32019043
"Kissimmee","Tree 1",2017-04-15,"Quercus virginiana",0.937984496124031,27.9828,-81.3826,3651.99194336,1767.72412109
"Kissimmee","Tree 1",2017-04-19,"Quercus virginiana",0.963636363636364,27.9828,-81.3826,3812.71386719,1856.44604492
"Kissimmee","Tree 1",2017-04-22,"Quercus virginiana",0.95049504950495,27.9828,-81.3826,3934.22290039,1923.95507812
"Kissimmee","Tree 2",2017-03-08,"Quercus virginiana",0.180257510729614,27.9828,-81.3826,2251.23193359,1050.96508789
"Kissimmee","Tree 2",2017-03-11,"Quercus virginiana",0.17687074829932,27.9828,-81.3826,2369.23095703,1114.96398926
"Kissimmee","Tree 2",2017-03-17,"Quercus virginiana",0.410891089108911,27.9828,-81.3826,2548.89794922,1186.63110352
"Kissimmee","Tree 2",2017-03-20,"Quercus virginiana",0.591160220994475,27.9828,-81.3826,2635.45092773,1219.18395996
"Kissimmee","Tree 2",2017-03-23,"Quercus virginiana",0.680851063829787,27.9828,-81.3826,2737.46606445,1267.19885254
"Kissimmee","Tree 2",2017-03-28,"Quercus virginiana",0.814814814814815,27.9828,-81.3826,2925.35009766,1365.08276367
"Kissimmee","Tree 2",2017-04-01,"Quercus virginiana",0.91578947368421,27.9828,-81.3826,3093.79394531,1461.52661133
"Kissimmee","Tree 2",2017-04-05,"Quercus virginiana",0.9375,27.9828,-81.3826,3276.06201172,1571.79443359
"Kissimmee","Tree 2",2017-04-08,"Quercus virginiana",0.929824561403509,27.9828,-81.3826,3391.44189453,1633.17431641
"Kissimmee","Tree 2",2017-04-12,"Quercus virginiana",0.917241379310345,27.9828,-81.3826,3533.58789062,1703.32019043
"Kissimmee","Tree 2",2017-04-15,"Quercus virginiana",0.957983193277311,27.9828,-81.3826,3651.99194336,1767.72412109
"Kissimmee","Tree 2",2017-04-19,"Quercus virginiana",0.952830188679245,27.9828,-81.3826,3812.71386719,1856.44604492
"Kissimmee","Tree 2",2017-04-22,"Quercus virginiana",0.916083916083916,27.9828,-81.3826,3934.22290039,1923.95507812
"Kissimmee","Tree 3",2017-03-08,"Quercus virginiana",0.34375,27.9828,-81.3826,2251.23193359,1050.96508789
"Kissimmee","Tree 3",2017-03-11,"Quercus virginiana",0.379310344827586,27.9828,-81.3826,2369.23095703,1114.96398926
"Kissimmee","Tree 3",2017-03-17,"Quercus virginiana",0.365168539325843,27.9828,-81.3826,2548.89794922,1186.63110352
"Kissimmee","Tree 3",2017-03-20,"Quercus virginiana",0.607142857142857,27.9828,-81.3826,2635.45092773,1219.18395996
"Kissimmee","Tree 3",2017-03-23,"Quercus virginiana",0.758620689655172,27.9828,-81.3826,2737.46606445,1267.19885254
"Kissimmee","Tree 3",2017-03-28,"Quercus virginiana",0.825242718446602,27.9828,-81.3826,2925.35009766,1365.08276367
"Kissimmee","Tree 3",2017-04-01,"Quercus virginiana",0.844036697247706,27.9828,-81.3826,3093.79394531,1461.52661133
"Kissimmee","Tree 3",2017-04-05,"Quercus virginiana",0.815789473684211,27.9828,-81.3826,3276.06201172,1571.79443359
"Kissimmee","Tree 3",2017-04-08,"Quercus virginiana",0.9453125,27.9828,-81.3826,3391.44189453,1633.17431641
"Kissimmee","Tree 3",2017-04-12,"Quercus virginiana",0.942307692307692,27.9828,-81.3826,3533.58789062,1703.32019043
"Kissimmee","Tree 3",2017-04-15,"Quercus virginiana",0.913669064748201,27.9828,-81.3826,3651.99194336,1767.72412109
"Kissimmee","Tree 3",2017-04-19,"Quercus virginiana",0.953125,27.9828,-81.3826,3812.71386719,1856.44604492
"Kissimmee","Tree 3",2017-04-22,"Quercus virginiana",0.911764705882353,27.9828,-81.3826,3934.22290039,1923.95507812
"Kissimmee","Tree 4",2017-03-08,"Quercus virginiana",0.046583850931677,27.9828,-81.3826,2251.23193359,1050.96508789
"Kissimmee","Tree 4",2017-03-11,"Quercus virginiana",0.150326797385621,27.9828,-81.3826,2369.23095703,1114.96398926
"Kissimmee","Tree 4",2017-03-17,"Quercus virginiana",0.50261780104712,27.9828,-81.3826,2548.89794922,1186.63110352
"Kissimmee","Tree 4",2017-03-20,"Quercus virginiana",0.438356164383562,27.9828,-81.3826,2635.45092773,1219.18395996
"Kissimmee","Tree 4",2017-03-23,"Quercus virginiana",0.5,27.9828,-81.3826,2737.46606445,1267.19885254
"Kissimmee","Tree 4",2017-03-28,"Quercus virginiana",0.785046728971963,27.9828,-81.3826,2925.35009766,1365.08276367
"Kissimmee","Tree 4",2017-04-01,"Quercus virginiana",0.777777777777778,27.9828,-81.3826,3093.79394531,1461.52661133
"Kissimmee","Tree 4",2017-04-05,"Quercus virginiana",0.810810810810811,27.9828,-81.3826,3276.06201172,1571.79443359
"Kissimmee","Tree 4",2017-04-08,"Quercus virginiana",0.893805309734513,27.9828,-81.3826,3391.44189453,1633.17431641
"Kissimmee","Tree 4",2017-04-12,"Quercus virginiana",0.890625,27.9828,-81.3826,3533.58789062,1703.32019043
"Kissimmee","Tree 4",2017-04-15,"Quercus virginiana",0.944954128440367,27.9828,-81.3826,3651.99194336,1767.72412109
"Kissimmee","Tree 4",2017-04-19,"Quercus virginiana",0.889830508474576,27.9828,-81.3826,3812.71386719,1856.44604492
"Kissimmee","Tree 4",2017-04-22,"Quercus virginiana",0.945454545454545,27.9828,-81.3826,3934.22290039,1923.95507812
"Kissimmee","Tree 5",2017-03-08,"Quercus virginiana",0.137614678899083,27.9828,-81.3826,2251.23193359,1050.96508789
"Kissimmee","Tree 5",2017-03-11,"Quercus virginiana",0.23134328358209,27.9828,-81.3826,2369.23095703,1114.96398926
"Kissimmee","Tree 5",2017-03-17,"Quercus virginiana",0.48062015503876,27.9828,-81.3826,2548.89794922,1186.63110352
"Kissimmee","Tree 5",2017-03-20,"Quercus virginiana",0.588235294117647,27.9828,-81.3826,2635.45092773,1219.18395996
"Kissimmee","Tree 5",2017-03-23,"Quercus virginiana",0.484536082474227,27.9828,-81.3826,2737.46606445,1267.19885254
"Kissimmee","Tree 5",2017-03-28,"Quercus virginiana",0.508196721311475,27.9828,-81.3826,2925.35009766,1365.08276367
"Kissimmee","Tree 5",2017-04-01,"Quercus virginiana",0.6171875,27.9828,-81.3826,3093.79394531,1461.52661133
"Kissimmee","Tree 5",2017-04-05,"Quercus virginiana",0.758928571428571,27.9828,-81.3826,3276.06201172,1571.79443359
"Kissimmee","Tree 5",2017-04-08,"Quercus virginiana",0.93859649122807,27.9828,-81.3826,3391.44189453,1633.17431641
"Kissimmee","Tree 5",2017-04-12,"Quercus virginiana",0.935185185185185,27.9828,-81.3826,3533.58789062,1703.32019043
"Kissimmee","Tree 5",2017-04-15,"Quercus virginiana",0.867256637168142,27.9828,-81.3826,3651.99194336,1767.72412109
"Kissimmee","Tree 5",2017-04-19,"Quercus virginiana",0.926829268292683,27.9828,-81.3826,3812.71386719,1856.44604492
"Kissimmee","Tree 5",2017-04-22,"Quercus virginiana",0.903846153846154,27.9828,-81.3826,3934.22290039,1923.95507812
"Kissimmee","Tree 1",2017-03-23,"Quercus geminata",0.148936170212766,27.9828,-81.3826,2737.46606445,1267.19885254
"Kissimmee","Tree 1",2017-03-08,"Quercus geminata",0,27.9828,-81.3826,2251.23193359,1050.96508789
"Kissimmee","Tree 1",2017-03-11,"Quercus geminata",0,27.9828,-81.3826,2369.23095703,1114.96398926
"Kissimmee","Tree 1",2017-03-13,"Quercus geminata",0,27.9828,-81.3826,2445.99194336,1155.72497559
"Kissimmee","Tree 1",2017-03-17,"Quercus geminata",0,27.9828,-81.3826,2548.89794922,1186.63110352
"Kissimmee","Tree 1",2017-03-20,"Quercus geminata",0,27.9828,-81.3826,2635.45092773,1219.18395996
"Kissimmee","Tree 1",2017-03-28,"Quercus geminata",0.292307692307692,27.9828,-81.3826,2925.35009766,1365.08276367
"Kissimmee","Tree 1",2017-04-01,"Quercus geminata",0.270833333333333,27.9828,-81.3826,3093.79394531,1461.52661133
"Kissimmee","Tree 1",2017-04-05,"Quercus geminata",0.416666666666667,27.9828,-81.3826,3276.06201172,1571.79443359
"Kissimmee","Tree 1",2017-04-08,"Quercus geminata",0.528301886792453,27.9828,-81.3826,3391.44189453,1633.17431641
"Kissimmee","Tree 1",2017-04-12,"Quercus geminata",0.565789473684211,27.9828,-81.3826,3533.58789062,1703.32019043
"Kissimmee","Tree 1",2017-04-15,"Quercus geminata",0.660377358490566,27.9828,-81.3826,3651.99194336,1767.72412109
"Kissimmee","Tree 1",2017-04-19,"Quercus geminata",0.838235294117647,27.9828,-81.3826,3812.71386719,1856.44604492
"Kissimmee","Tree 1",2017-04-22,"Quercus geminata",0.922222222222222,27.9828,-81.3826,3934.22290039,1923.95507812
"Kissimmee","Tree 2",2017-03-08,"Quercus geminata",0,27.9828,-81.3826,2251.23193359,1050.96508789
"Kissimmee","Tree 2",2017-03-11,"Quercus geminata",0,27.9828,-81.3826,2369.23095703,1114.96398926
"Kissimmee","Tree 2",2017-03-13,"Quercus geminata",0,27.9828,-81.3826,2445.99194336,1155.72497559
"Kissimmee","Tree 2",2017-03-17,"Quercus geminata",0.0294117647058824,27.9828,-81.3826,2548.89794922,1186.63110352
"Kissimmee","Tree 2",2017-03-20,"Quercus geminata",0.147058823529412,27.9828,-81.3826,2635.45092773,1219.18395996
"Kissimmee","Tree 2",2017-03-23,"Quercus geminata",0.26530612244898,27.9828,-81.3826,2737.46606445,1267.19885254
"Kissimmee","Tree 2",2017-03-28,"Quercus geminata",0.0980392156862745,27.9828,-81.3826,2925.35009766,1365.08276367
"Kissimmee","Tree 2",2017-04-01,"Quercus geminata",0.169491525423729,27.9828,-81.3826,3093.79394531,1461.52661133
"Kissimmee","Tree 2",2017-04-05,"Quercus geminata",0.423076923076923,27.9828,-81.3826,3276.06201172,1571.79443359
"Kissimmee","Tree 2",2017-04-08,"Quercus geminata",0.534722222222222,27.9828,-81.3826,3391.44189453,1633.17431641
"Kissimmee","Tree 2",2017-04-12,"Quercus geminata",0.663265306122449,27.9828,-81.3826,3533.58789062,1703.32019043
"Kissimmee","Tree 2",2017-04-15,"Quercus geminata",0.722222222222222,27.9828,-81.3826,3651.99194336,1767.72412109
"Kissimmee","Tree 2",2017-04-19,"Quercus geminata",0.805970149253731,27.9828,-81.3826,3812.71386719,1856.44604492
"Kissimmee","Tree 2",2017-04-22,"Quercus geminata",0.918032786885246,27.9828,-81.3826,3934.22290039,1923.95507812
"Kissimmee","Tree 3",2017-03-08,"Quercus geminata",0,27.9828,-81.3826,2251.23193359,1050.96508789
"Kissimmee","Tree 3",2017-03-11,"Quercus geminata",0,27.9828,-81.3826,2369.23095703,1114.96398926
"Kissimmee","Tree 3",2017-03-13,"Quercus geminata",0,27.9828,-81.3826,2445.99194336,1155.72497559
"Kissimmee","Tree 3",2017-03-17,"Quercus geminata",0,27.9828,-81.3826,2548.89794922,1186.63110352
"Kissimmee","Tree 3",2017-03-20,"Quercus geminata",0.04,27.9828,-81.3826,2635.45092773,1219.18395996
"Kissimmee","Tree 3",2017-03-23,"Quercus geminata",0.0444444444444444,27.9828,-81.3826,2737.46606445,1267.19885254
"Kissimmee","Tree 3",2017-03-28,"Quercus geminata",0.0645161290322581,27.9828,-81.3826,2925.35009766,1365.08276367
"Kissimmee","Tree 3",2017-04-01,"Quercus geminata",0.155172413793103,27.9828,-81.3826,3093.79394531,1461.52661133
"Kissimmee","Tree 3",2017-04-05,"Quercus geminata",0.4,27.9828,-81.3826,3276.06201172,1571.79443359
"Kissimmee","Tree 3",2017-04-08,"Quercus geminata",0.532710280373832,27.9828,-81.3826,3391.44189453,1633.17431641
"Kissimmee","Tree 3",2017-04-12,"Quercus geminata",0.576923076923077,27.9828,-81.3826,3533.58789062,1703.32019043
"Kissimmee","Tree 3",2017-04-15,"Quercus geminata",0.698412698412698,27.9828,-81.3826,3651.99194336,1767.72412109
"Kissimmee","Tree 3",2017-04-19,"Quercus geminata",0.912280701754386,27.9828,-81.3826,3812.71386719,1856.44604492
"Kissimmee","Tree 3",2017-04-22,"Quercus geminata",0.876543209876543,27.9828,-81.3826,3934.22290039,1923.95507812
"Lake Lizzie","Tree 1",2017-03-08,"Quercus virginiana",0.214285714285714,28.2451,-81.1681,2184.22729492,982.763244629
"Lake Lizzie","Tree 1",2017-03-11,"Quercus virginiana",0.430656934306569,28.2451,-81.1681,2300.70507812,1045.24121094
"Lake Lizzie","Tree 1",2017-03-13,"Quercus virginiana",0.5859375,28.2451,-81.1681,2374.75708008,1083.29321289
"Lake Lizzie","Tree 1",2017-03-17,"Quercus virginiana",0.75,28.2451,-81.1681,2472.66821289,1109.93322754
"Lake Lizzie","Tree 1",2017-03-21,"Quercus virginiana",0.747572815533981,28.2451,-81.1681,2584.41235352,1149.67712402
"Lake Lizzie","Tree 1",2017-03-26,"Quercus virginiana",0.851851851851852,28.2451,-81.1681,2765.67236328,1240.93701172
"Lake Lizzie","Tree 1",2017-03-30,"Quercus virginiana",0.836538461538462,28.2451,-81.1681,2922.21801758,1325.48291016
"Lake Lizzie","Tree 1",2017-04-03,"Quercus virginiana",0.927710843373494,28.2451,-81.1681,3094.37890625,1425.64379883
"Lake Lizzie","Tree 1",2017-04-06,"Quercus virginiana",0.854700854700855,28.2451,-81.1681,3234.97680664,1512.24182129
"Lake Lizzie","Tree 1",2017-04-09,"Quercus virginiana",0.935185185185185,28.2451,-81.1681,3331.00708008,1554.27172852
"Lake Lizzie","Tree 1",2017-04-12,"Quercus virginiana",0.952830188679245,28.2451,-81.1681,3438.11621094,1607.38061523
"Lake Lizzie","Tree 1",2017-04-15,"Quercus virginiana",0.933884297520661,28.2451,-81.1681,3553.80224609,1669.06652832
"Lake Lizzie","Tree 1",2017-04-18,"Quercus virginiana",0.813725490196078,28.2451,-81.1681,3669.63208008,1730.89660645
"Lake Lizzie","Tree 1",2017-04-22,"Quercus virginiana",0.925233644859813,28.2451,-81.1681,3828.66186523,1817.92663574
"Lake Lizzie","Tree 2",2017-03-08,"Quercus virginiana",0.23728813559322,28.2451,-81.1681,2184.22729492,982.763244629
"Lake Lizzie","Tree 2",2017-03-11,"Quercus virginiana",0.373913043478261,28.2451,-81.1681,2300.70507812,1045.24121094
"Lake Lizzie","Tree 2",2017-03-13,"Quercus virginiana",0.610294117647059,28.2451,-81.1681,2374.75708008,1083.29321289
"Lake Lizzie","Tree 2",2017-03-17,"Quercus virginiana",0.72992700729927,28.2451,-81.1681,2472.66821289,1109.93322754
"Lake Lizzie","Tree 2",2017-03-21,"Quercus virginiana",0.686440677966102,28.2451,-81.1681,2584.41235352,1149.67712402
"Lake Lizzie","Tree 2",2017-03-25,"Quercus virginiana",0.714285714285714,28.2451,-81.1681,2730.14038086,1223.4050293
"Lake Lizzie","Tree 2",2017-03-30,"Quercus virginiana",0.752,28.2451,-81.1681,2922.21801758,1325.48291016
"Lake Lizzie","Tree 2",2017-04-03,"Quercus virginiana",0.902654867256637,28.2451,-81.1681,3094.37890625,1425.64379883
"Lake Lizzie","Tree 2",2017-04-06,"Quercus virginiana",0.96551724137931,28.2451,-81.1681,3234.97680664,1512.24182129
"Lake Lizzie","Tree 2",2017-04-09,"Quercus virginiana",0.947826086956522,28.2451,-81.1681,3331.00708008,1554.27172852
"Lake Lizzie","Tree 2",2017-04-12,"Quercus virginiana",0.876190476190476,28.2451,-81.1681,3438.11621094,1607.38061523
"Lake Lizzie","Tree 2",2017-04-15,"Quercus virginiana",0.890909090909091,28.2451,-81.1681,3553.80224609,1669.06652832
"Lake Lizzie","Tree 2",2017-04-18,"Quercus virginiana",0.948979591836735,28.2451,-81.1681,3669.63208008,1730.89660645
"Lake Lizzie","Tree 2",2017-04-22,"Quercus virginiana",0.925619834710744,28.2451,-81.1681,3828.66186523,1817.92663574
"Lake Lizzie","Tree 3",2017-03-08,"Quercus virginiana",0.139130434782609,28.2451,-81.1681,2184.22729492,982.763244629
"Lake Lizzie","Tree 3",2017-03-11,"Quercus virginiana",0.238095238095238,28.2451,-81.1681,2300.70507812,1045.24121094
"Lake Lizzie","Tree 3",2017-03-13,"Quercus virginiana",0.297297297297297,28.2451,-81.1681,2374.75708008,1083.29321289
"Lake Lizzie","Tree 3",2017-03-17,"Quercus virginiana",0.309644670050761,28.2451,-81.1681,2472.66821289,1109.93322754
"Lake Lizzie","Tree 3",2017-03-21,"Quercus virginiana",0.310606060606061,28.2451,-81.1681,2584.41235352,1149.67712402
"Lake Lizzie","Tree 3",2017-03-25,"Quercus virginiana",0.415094339622642,28.2451,-81.1681,2730.14038086,1223.4050293
"Lake Lizzie","Tree 3",2017-03-30,"Quercus virginiana",0.508928571428571,28.2451,-81.1681,2922.21801758,1325.48291016
"Lake Lizzie","Tree 3",2017-04-03,"Quercus virginiana",0.714285714285714,28.2451,-81.1681,3094.37890625,1425.64379883
"Lake Lizzie","Tree 3",2017-04-06,"Quercus virginiana",0.722772277227723,28.2451,-81.1681,3234.97680664,1512.24182129
"Lake Lizzie","Tree 3",2017-04-09,"Quercus virginiana",0.811023622047244,28.2451,-81.1681,3331.00708008,1554.27172852
"Lake Lizzie","Tree 3",2017-04-12,"Quercus virginiana",0.94017094017094,28.2451,-81.1681,3438.11621094,1607.38061523
"Lake Lizzie","Tree 3",2017-04-15,"Quercus virginiana",0.911504424778761,28.2451,-81.1681,3553.80224609,1669.06652832
"Lake Lizzie","Tree 3",2017-04-18,"Quercus virginiana",0.862385321100917,28.2451,-81.1681,3669.63208008,1730.89660645
"Lake Lizzie","Tree 3",2017-04-22,"Quercus virginiana",0.923076923076923,28.2451,-81.1681,3828.66186523,1817.92663574
"Lake Lizzie","Tree 4",2017-03-08,"Quercus virginiana",0.324074074074074,28.2451,-81.1681,2184.22729492,982.763244629
"Lake Lizzie","Tree 4",2017-03-11,"Quercus virginiana",0.474137931034483,28.2451,-81.1681,2300.70507812,1045.24121094
"Lake Lizzie","Tree 4",2017-03-13,"Quercus virginiana",0.6,28.2451,-81.1681,2374.75708008,1083.29321289
"Lake Lizzie","Tree 4",2017-03-17,"Quercus virginiana",0.745562130177515,28.2451,-81.1681,2472.66821289,1109.93322754
"Lake Lizzie","Tree 4",2017-03-21,"Quercus virginiana",0.747899159663866,28.2451,-81.1681,2584.41235352,1149.67712402
"Lake Lizzie","Tree 4",2017-03-25,"Quercus virginiana",0.83695652173913,28.2451,-81.1681,2730.14038086,1223.4050293
"Lake Lizzie","Tree 4",2017-03-30,"Quercus virginiana",0.903225806451613,28.2451,-81.1681,2922.21801758,1325.48291016
"Lake Lizzie","Tree 4",2017-04-03,"Quercus virginiana",0.905660377358491,28.2451,-81.1681,3094.37890625,1425.64379883
"Lake Lizzie","Tree 4",2017-04-06,"Quercus virginiana",0.936363636363636,28.2451,-81.1681,3234.97680664,1512.24182129
"Lake Lizzie","Tree 4",2017-04-09,"Quercus virginiana",0.900900900900901,28.2451,-81.1681,3331.00708008,1554.27172852
"Lake Lizzie","Tree 4",2017-04-12,"Quercus virginiana",0.952755905511811,28.2451,-81.1681,3438.11621094,1607.38061523
"Lake Lizzie","Tree 4",2017-04-15,"Quercus virginiana",0.945736434108527,28.2451,-81.1681,3553.80224609,1669.06652832
"Lake Lizzie","Tree 4",2017-04-18,"Quercus virginiana",0.897959183673469,28.2451,-81.1681,3669.63208008,1730.89660645
"Lake Lizzie","Tree 4",2017-04-22,"Quercus virginiana",0.948905109489051,28.2451,-81.1681,3828.66186523,1817.92663574
"Lake Lizzie","Tree 0",2017-03-08,"Quercus geminata",0,28.2451,-81.1681,2184.22729492,982.763244629
"Lake Lizzie","Tree 0",2017-03-11,"Quercus geminata",0,28.2451,-81.1681,2300.70507812,1045.24121094
"Lake Lizzie","Tree 0",2017-03-13,"Quercus geminata",0,28.2451,-81.1681,2374.75708008,1083.29321289
"Lake Lizzie","Tree 0",2017-03-17,"Quercus geminata",0,28.2451,-81.1681,2472.66821289,1109.93322754
"Lake Lizzie","Tree 0",2017-03-21,"Quercus geminata",0,28.2451,-81.1681,2584.41235352,1149.67712402
"Lake Lizzie","Tree 0",2017-03-26,"Quercus geminata",0,28.2451,-81.1681,2765.67236328,1240.93701172
"Lake Lizzie","Tree 0",2017-03-30,"Quercus geminata",0,28.2451,-81.1681,2922.21801758,1325.48291016
"Lake Lizzie","Tree 0",2017-04-03,"Quercus geminata",0.0859375,28.2451,-81.1681,3094.37890625,1425.64379883
"Lake Lizzie","Tree 0",2017-04-06,"Quercus geminata",0.376146788990826,28.2451,-81.1681,3234.97680664,1512.24182129
"Lake Lizzie","Tree 0",2017-04-09,"Quercus geminata",0.442857142857143,28.2451,-81.1681,3331.00708008,1554.27172852
"Lake Lizzie","Tree 0",2017-04-12,"Quercus geminata",0.62280701754386,28.2451,-81.1681,3438.11621094,1607.38061523
"Lake Lizzie","Tree 0",2017-04-15,"Quercus geminata",0.689189189189189,28.2451,-81.1681,3553.80224609,1669.06652832
"Lake Lizzie","Tree 0",2017-04-18,"Quercus geminata",0.673267326732673,28.2451,-81.1681,3669.63208008,1730.89660645
"Lake Lizzie","Tree 0",2017-04-22,"Quercus geminata",0.846153846153846,28.2451,-81.1681,3828.66186523,1817.92663574
"Lake Lizzie","Tree 1",2017-03-08,"Quercus geminata",0,28.2451,-81.1681,2184.22729492,982.763244629
"Lake Lizzie","Tree 1",2017-03-11,"Quercus geminata",0,28.2451,-81.1681,2300.70507812,1045.24121094
"Lake Lizzie","Tree 1",2017-03-13,"Quercus geminata",0,28.2451,-81.1681,2374.75708008,1083.29321289
"Lake Lizzie","Tree 1",2017-03-17,"Quercus geminata",0,28.2451,-81.1681,2472.66821289,1109.93322754
"Lake Lizzie","Tree 1",2017-03-21,"Quercus geminata",0.0147058823529412,28.2451,-81.1681,2584.41235352,1149.67712402
"Lake Lizzie","Tree 1",2017-03-26,"Quercus geminata",0.0833333333333333,28.2451,-81.1681,2765.67236328,1240.93701172
"Lake Lizzie","Tree 1",2017-03-30,"Quercus geminata",0.0725806451612903,28.2451,-81.1681,2922.21801758,1325.48291016
"Lake Lizzie","Tree 1",2017-04-03,"Quercus geminata",0.566666666666667,28.2451,-81.1681,3094.37890625,1425.64379883
"Lake Lizzie","Tree 1",2017-04-06,"Quercus geminata",0.484276729559748,28.2451,-81.1681,3234.97680664,1512.24182129
"Lake Lizzie","Tree 1",2017-04-09,"Quercus geminata",0.616541353383459,28.2451,-81.1681,3331.00708008,1554.27172852
"Lake Lizzie","Tree 1",2017-04-12,"Quercus geminata",0.86,28.2451,-81.1681,3438.11621094,1607.38061523
"Lake Lizzie","Tree 1",2017-04-15,"Quercus geminata",0.858208955223881,28.2451,-81.1681,3553.80224609,1669.06652832
"Lake Lizzie","Tree 1",2017-04-18,"Quercus geminata",0.847826086956522,28.2451,-81.1681,3669.63208008,1730.89660645
"Lake Lizzie","Tree 1",2017-04-22,"Quercus geminata",0.936363636363636,28.2451,-81.1681,3828.66186523,1817.92663574
"Lake Lizzie","Tree 2",2017-03-17,"Quercus geminata",0,28.2451,-81.1681,2472.66821289,1109.93322754
"Lake Lizzie","Tree 2",2017-03-21,"Quercus geminata",0,28.2451,-81.1681,2584.41235352,1149.67712402
"Lake Lizzie","Tree 2",2017-03-26,"Quercus geminata",0.0947368421052632,28.2451,-81.1681,2765.67236328,1240.93701172
"Lake Lizzie","Tree 2",2017-03-08,"Quercus geminata",0,28.2451,-81.1681,2184.22729492,982.763244629
"Lake Lizzie","Tree 2",2017-03-11,"Quercus geminata",0,28.2451,-81.1681,2300.70507812,1045.24121094
"Lake Lizzie","Tree 2",2017-03-13,"Quercus geminata",0,28.2451,-81.1681,2374.75708008,1083.29321289
"Lake Lizzie","Tree 2",2017-03-30,"Quercus geminata",0.225806451612903,28.2451,-81.1681,2922.21801758,1325.48291016
"Lake Lizzie","Tree 2",2017-04-03,"Quercus geminata",0.377777777777778,28.2451,-81.1681,3094.37890625,1425.64379883
"Lake Lizzie","Tree 2",2017-04-06,"Quercus geminata",0.514018691588785,28.2451,-81.1681,3234.97680664,1512.24182129
"Lake Lizzie","Tree 2",2017-04-09,"Quercus geminata",0.793814432989691,28.2451,-81.1681,3331.00708008,1554.27172852
"Lake Lizzie","Tree 2",2017-04-12,"Quercus geminata",0.825396825396825,28.2451,-81.1681,3438.11621094,1607.38061523
"Lake Lizzie","Tree 2",2017-04-15,"Quercus geminata",0.862745098039216,28.2451,-81.1681,3553.80224609,1669.06652832
"Lake Lizzie","Tree 2",2017-04-18,"Quercus geminata",0.858267716535433,28.2451,-81.1681,3669.63208008,1730.89660645
"Lake Lizzie","Tree 2",2017-04-22,"Quercus geminata",0.954545454545455,28.2451,-81.1681,3828.66186523,1817.92663574
"Lake Lizzie","Tree 3",2017-03-08,"Quercus geminata",0,28.2451,-81.1681,2184.22729492,982.763244629
"Lake Lizzie","Tree 3",2017-03-11,"Quercus geminata",0,28.2451,-81.1681,2300.70507812,1045.24121094
"Lake Lizzie","Tree 3",2017-03-13,"Quercus geminata",0,28.2451,-81.1681,2374.75708008,1083.29321289
"Lake Lizzie","Tree 3",2017-03-17,"Quercus geminata",0.0903010033444816,28.2451,-81.1681,2472.66821289,1109.93322754
"Lake Lizzie","Tree 3",2017-03-21,"Quercus geminata",0.308823529411765,28.2451,-81.1681,2584.41235352,1149.67712402
"Lake Lizzie","Tree 3",2017-03-26,"Quercus geminata",0.418604651162791,28.2451,-81.1681,2765.67236328,1240.93701172
"Lake Lizzie","Tree 3",2017-03-30,"Quercus geminata",0.467289719626168,28.2451,-81.1681,2922.21801758,1325.48291016
"Lake Lizzie","Tree 3",2017-04-03,"Quercus geminata",0.481203007518797,28.2451,-81.1681,3094.37890625,1425.64379883
"Lake Lizzie","Tree 3",2017-04-06,"Quercus geminata",0.518248175182482,28.2451,-81.1681,3234.97680664,1512.24182129
"Lake Lizzie","Tree 3",2017-04-09,"Quercus geminata",0.608333333333333,28.2451,-81.1681,3331.00708008,1554.27172852
"Lake Lizzie","Tree 3",2017-04-12,"Quercus geminata",0.636363636363636,28.2451,-81.1681,3438.11621094,1607.38061523
"Lake Lizzie","Tree 3",2017-04-15,"Quercus geminata",0.778625954198473,28.2451,-81.1681,3553.80224609,1669.06652832
"Lake Lizzie","Tree 3",2017-04-18,"Quercus geminata",0.827338129496403,28.2451,-81.1681,3669.63208008,1730.89660645
"Lake Lizzie","Tree 3",2017-04-22,"Quercus geminata",0.920634920634921,28.2451,-81.1681,3828.66186523,1817.92663574
"Lake Lizzie","Tree 4",2017-03-08,"Quercus geminata",0,28.2451,-81.1681,2184.22729492,982.763244629
"Lake Lizzie","Tree 4",2017-03-11,"Quercus geminata",0,28.2451,-81.1681,2300.70507812,1045.24121094
"Lake Lizzie","Tree 4",2017-03-13,"Quercus geminata",0,28.2451,-81.1681,2374.75708008,1083.29321289
"Lake Lizzie","Tree 4",2017-03-17,"Quercus geminata",0,28.2451,-81.1681,2472.66821289,1109.93322754
"Lake Lizzie","Tree 4",2017-03-21,"Quercus geminata",0.125748502994012,28.2451,-81.1681,2584.41235352,1149.67712402
"Lake Lizzie","Tree 4",2017-03-26,"Quercus geminata",0.157232704402516,28.2451,-81.1681,2765.67236328,1240.93701172
"Lake Lizzie","Tree 4",2017-03-30,"Quercus geminata",0.410958904109589,28.2451,-81.1681,2922.21801758,1325.48291016
"Lake Lizzie","Tree 4",2017-04-03,"Quercus geminata",0.542056074766355,28.2451,-81.1681,3094.37890625,1425.64379883
"Lake Lizzie","Tree 4",2017-04-06,"Quercus geminata",0.741071428571429,28.2451,-81.1681,3234.97680664,1512.24182129
"Lake Lizzie","Tree 4",2017-04-09,"Quercus geminata",0.772357723577236,28.2451,-81.1681,3331.00708008,1554.27172852
"Lake Lizzie","Tree 4",2017-04-12,"Quercus geminata",0.853658536585366,28.2451,-81.1681,3438.11621094,1607.38061523
"Lake Lizzie","Tree 4",2017-04-15,"Quercus geminata",0.778571428571429,28.2451,-81.1681,3553.80224609,1669.06652832
"Lake Lizzie","Tree 4",2017-04-18,"Quercus geminata",0.862385321100917,28.2451,-81.1681,3669.63208008,1730.89660645
"Lake Lizzie","Tree 4",2017-04-22,"Quercus geminata",0.909090909090909,28.2451,-81.1681,3828.66186523,1817.92663574
"Okeechobee","Tree 1",2017-03-08,"Quercus virginiana",0.321285140562249,27.1968,-80.8291,2261.10522461,1055.25805664
"Okeechobee","Tree 1",2017-03-10,"Quercus virginiana",0.398496240601504,27.1968,-80.8291,2335.15722656,1093.31005859
"Okeechobee","Tree 1",2017-03-12,"Quercus virginiana",0.424390243902439,27.1968,-80.8291,2411.8371582,1133.9901123
"Okeechobee","Tree 1",2017-03-16,"Quercus virginiana",0.592356687898089,27.1968,-80.8291,2532.12207031,1182.27502441
"Okeechobee","Tree 1",2017-03-19,"Quercus virginiana",0.623376623376623,27.1968,-80.8291,2608.75683594,1204.91003418
"Okeechobee","Tree 1",2017-03-23,"Quercus virginiana",0.604651162790698,27.1968,-80.8291,2738.18579102,1262.33886719
"Okeechobee","Tree 1",2017-03-28,"Quercus virginiana",0.697478991596639,27.1968,-80.8291,2924.80053711,1358.95385742
"Okeechobee","Tree 1",2017-04-01,"Quercus virginiana",0.798076923076923,27.1968,-80.8291,3087.69140625,1449.84472656
"Okeechobee","Tree 1",2017-04-05,"Quercus virginiana",0.932203389830508,27.1968,-80.8291,3265.73828125,1555.89160156
"Okeechobee","Tree 1",2017-04-08,"Quercus virginiana",0.916666666666667,27.1968,-80.8291,3378.86816406,1615.02160645
"Okeechobee","Tree 1",2017-04-12,"Quercus virginiana",0.94475138121547,27.1968,-80.8291,3521.72509766,1685.87854004
"Okeechobee","Tree 1",2017-04-15,"Quercus virginiana",0.951219512195122,27.1968,-80.8291,3634.17114258,1744.32458496
"Okeechobee","Tree 1",2017-04-19,"Quercus virginiana",0.96551724137931,27.1968,-80.8291,3795.10913086,1833.26245117
"Okeechobee","Tree 1",2017-04-22,"Quercus virginiana",0.975409836065574,27.1968,-80.8291,3920.44311523,1904.59643555
