"lat","spring","autumn","warm_days"
25,52.8131993322598,318.527361081558,265.714161749298
25.25,54.0474113686084,317.610039059457,263.562627690849
25.5,52.8130831500574,318.875119935232,266.062036785175
25.75,55.5213249184985,316.717179073423,261.195854154925
26,58.0825699378011,314.685507355227,256.602937417426
26.25,55.7046726802395,317.164856983329,261.460184303089
26.5,55.9171862650319,316.909311288027,260.992125022995
26.75,55.6385181905911,317.316634612901,261.67811642231
27,57.8609479917729,315.811317457645,257.950369465873
27.25,61.1876977980235,313.136000670427,251.948302872403
27.5,61.8389830678717,312.761699139735,250.922716071864
27.75,62.5746647452529,312.287784099308,249.713119354055
28,62.5495800611498,312.56978333928,250.02020327813
28.25,63.4881454114945,311.868181299663,248.380035888169
28.5,64.9643188156089,310.616634668124,245.652315852515
28.75,66.4859303238553,309.619931984312,243.134001660457
29,67.5820089671262,308.887363398943,241.305354431817
29.25,68.762058872992,308.893928019701,240.131869146709
29.5,70.9965312587127,307.370858389843,236.37432713113
29.75,72.9207185872375,306.402607114115,233.481888526877
30,73.6003830569252,305.797761469681,232.197378412756
30.25,75.3633435324525,304.519437008186,229.156093475734
30.5,76.5120040237157,303.508888733781,226.996884710065
30.75,78.3588945211202,301.872551883754,223.513657362634
31,79.3861808253099,301.05171907629,221.66553825098
31.25,81.4111709037944,299.746491803608,218.335320899813
31.5,82.5047393876677,299.047113014333,216.542373626666
31.75,84.9530280057108,297.525797620986,212.572769615276
32,85.4559141660761,297.424781196477,211.968867030401
32.25,87.5999383878112,296.008367093615,208.408428705804
32.5,88.3142007806692,295.526312634745,207.212111854076
32.75,90.5024206746181,294.607966778184,204.105546103566
33,91.9925447905387,293.691130703146,201.698585912607
33.25,95.1059345286087,291.844347057392,196.738412528783
33.5,96.3734470841321,291.111855162812,194.73840807868
33.75,98.8903432163507,289.947048928697,191.056705712346
34,99.9865297093875,289.730658038215,189.744128328827
34.25,103.07012011916,288.046989407421,184.97686928826
34.5,104.505182200259,287.077166535494,182.571984335235
34.75,106.203115537402,286.025707770231,179.82259223283
35,106.907345051151,285.208158881672,178.300813830521
35.25,109.48840856589,283.140287668568,173.651879102679
35.5,110.484245203947,283.193348734832,172.709103530886
35.75,112.370272799555,282.004962104953,169.634689305397
36,113.019557945634,281.625548985825,168.605991040191
36.25,114.900944120866,280.251594051178,165.350649930313
36.5,115.644412019659,279.8898743728,164.24546235314
36.75,117.304498115544,278.709668812809,161.405170697264
37,118.240410075944,278.231178703737,159.990768627793
37.25,119.546697158673,277.36945812743,157.822760968757
37.5,120.080036347269,276.934560535623,156.854524188354
37.75,121.275311351101,276.29189075426,155.016579403159
38,122.021839023039,275.788634380621,153.766795357582
38.25,123.092356262939,274.965593024995,151.873236762056
38.5,123.830510619371,274.277350163399,150.446839544029
38.75,124.927432414161,273.700541312311,148.77310889815
39,125.509486526191,273.588842149157,148.079355622966
39.25,126.453577327013,272.651850141409,146.198272814397
39.5,127.161652005409,272.143559265059,144.98190725965
39.75,128.696752848874,270.968980948148,142.272228099274
40,129.269752205047,270.567880547658,141.298128342611
40.25,130.48037587959,270.013435293963,139.533059414373
40.5,131.161748927631,269.683091211031,138.521342283401
40.75,132.472346226704,268.904568447053,136.432222220349
41,133.046918175117,268.425016169928,135.378097994811
41.25,134.227644441875,268.290499671044,134.062855229169
41.5,134.855154283518,267.70154133838,132.846387054862
41.75,136.725955213885,267.431429482597,130.705474268712
42,137.669317413065,267.37892373161,129.709606318545
42.25,138.36134560367,266.603427260878,128.242081657208
42.5,138.854442346772,266.311624645985,127.457182299212
42.75,139.064253714146,265.563371453252,126.499117739106
43,139.182938472427,264.908526929791,125.725588457363
43.25,140.092684057874,264.447700411948,124.355016354073
43.5,141.352091608537,264.567320961694,123.215229353157
43.75,142.640002464086,263.961470432435,121.32146796835
44,142.528168961805,263.169227354048,120.641058392243
44.25,142.984375234392,262.50228976375,119.517914529359
44.5,143.177726261386,262.236945030244,119.059218768859
44.75,143.735450008866,261.734871347475,117.999421338608
45,144.271537129406,261.580664666027,117.309127536621
45.25,145.068515460215,261.084978251969,116.016462791754
45.5,145.153568316431,260.829904159078,115.676335842647
45.75,146.076650945841,259.830311623432,113.75366067759
46,146.095653872319,258.847736769877,112.752082897558
46.25,146.683209602411,257.650068900302,110.966859297891
46.5,147.198677431444,257.184956619741,109.986279188298
46.75,149.258363767761,257.377789109428,108.119425341667
47,150.120100451907,257.413125962827,107.293025510919
47.25,151.813860756553,256.720147283468,104.906286526915
47.5,151.86848978655,256.188551598058,104.320061811508
47.75,152.147335315841,255.16320438032,103.015869064479
48,152.355239599581,254.626041963267,102.270802363686
48.25,152.051254906352,253.754045595976,101.702790689625
48.5,152.358608770139,253.404258571326,101.045649801187
48.75,152.859301235431,251.825200230054,98.9658989946238
49,152.915637976475,251.205173468471,98.2895354919957
49.25,153.299835887927,250.59678886044,97.296952972513
49.5,153.53322065083,250.464995880611,96.9317752297803
49.75,153.976107784411,249.967203654517,95.9910958701064
50,154.19272098142,249.679580911285,95.4868599298651
50.25,155.025405467928,249.05305548967,94.0276500217416
50.5,155.814135816269,248.87055028334,93.0564144670707
50.75,156.511759050192,248.478801011084,91.9670419608919
51,156.517927884816,248.292381773806,91.7744538889908
51.25,156.844053865303,248.008685980186,91.1646321148839
51.5,156.932121963004,247.544721775554,90.6125998125495
51.75,157.792343886935,246.926830929511,89.134487042576
52,158.325554944844,246.655395914555,88.3298409697107
52.25,158.927409695044,245.823408153798,86.8959984587538
52.5,158.933639667456,245.571035255285,86.6373955878287
52.75,160.543215277618,245.824366740878,85.28115146326
53,161.201023922101,245.703424278833,84.5024003567319
53.25,162.081651690992,245.067213316112,82.9855616251199
53.5,162.595354759255,245.12161600709,82.5262612478342
53.75,163.373210052397,244.897980202347,81.5247701499507
54,163.232662765103,243.56559501746,80.3329322523571
54.25,163.885687077242,243.548957948996,79.6632708717532
54.5,164.225634977541,243.226789364798,79.0011543872574
54.75,165.340502005351,243.162057736945,77.8215557315942
55,165.412683340229,242.812821442556,77.4001381023275
